{
    "enablePullDownRefresh": true,
    "usingComponents": {
        "index": "/yb_shopv2/pages/index/index",
        "articlelist": "/yb_shopv2/pages/find/index",
        "articleinfo": "/yb_shopv2/pages/find_info/index",
        "classimage": "/yb_shopv2/pages/class_image/index",
        "images": "/yb_shopv2/pages/image/index",
        "productlist": "/yb_shopv2/pages/product/list/index",
        "productinfo": "/yb_shopv2/pages/product/info/index",
        "webpage": "/yb_shopv2/pages/web/index",
        "serviceslist": "/yb_shopv2/pages/services/list/index",
        "servicesinfo": "/yb_shopv2/pages/services/info/index",
        "servicesorderlist": "/yb_shopv2/pages/services/order/list/index",
        "servicesorderinfo": "/yb_shopv2/pages/services/order/info/index",
        "servicesordercreate": "/yb_shopv2/pages/services/order/create/index",
        "member": "/yb_shopv2/pages/member/index",
        "page-mine": "/yb_shopv2/pages/mine/mine",
        "about": "/yb_shopv2/pages/member/about",
        "auth": "/yb_shopv2/component/auth",
        "recruitdetails": "/yb_shopv2/pages/recruit/recruit_details",
        "recruitlist": "/yb_shopv2/pages/recruit/recruit_list",
        "votedetails": "/yb_shopv2/pages/vote/vote_details",
        "votelog": "/yb_shopv2/pages/vote/votelog",
        "search": "/yb_shopv2/pages/search/index",
        "floatbtn": "/yb_shopv2/component/floatbtn",
        "votelist": "/yb_shopv2/pages/vote/vote_list",
        "chat": "/yb_shopv2/pages/chat/sendmsg",
        "distribution": "/yb_shopv2/pages/distribution/distribution",
        "integral-distribution-list": "/yb_shopv2/component/IntegralDistributionList",
        "add-card": "/yb_shopv2/pages/distribution/child/addCard",
        "apply-cw": "/yb_shopv2/pages/distribution/child/applyCw",
        "distribution-order-detail": "/yb_shopv2/pages/distribution/child/orderDetail",
        "integral-mall": "/yb_shopv2/pages/IntegralMall/IntegralMall",
        "choose-account-type": "/yb_shopv2/pages/distribution/child/chooseAccount",
        "apply-distribution": "/yb_shopv2/pages/applyDistribution/applyDistribution",
        "distribution-agreement": "/yb_shopv2/pages/applyDistribution/distributionAgreement",
        "page-shop-car": "/yb_shopv2/pages/shopping-car/shopping-car",
        "page-good-class": "/yb_shopv2/pages/good-class/good-class",
        "page-address": "/yb_shopv2/pages/address/address",
        "page-collection": "/yb_shopv2/pages/collection/collection",
        "page-confirm-order": "/yb_shopv2/pages/confirm-order/confirm-order",
        "page-coupon": "/yb_shopv2/pages/coupon/coupon",
        "page-good-detail": "/yb_shopv2/pages/detail/detail",
        "page-information": "/yb_shopv2/pages/information/information",
        "page-mine-evaluate": "/yb_shopv2/pages/mine-evaluate/mine-evaluate",
        "page-mine-order": "/yb_shopv2/pages/mine-order/mine-order",
        "page-pay-result": "/yb_shopv2/pages/pay-result/pay-result",
        "page-good-list": "/yb_shopv2/pages/good-list/good-list",
        "page-order-detail": "/yb_shopv2/pages/order-detail/order-detail",
        "page-express-info": "/yb_shopv2/pages/express/express",
        "page-comment": "/yb_shopv2/pages/confirm-comment/confirm-comment",
        "page-activity-list": "/yb_shopv2/pages/activity-list/activity-list",
        "page-invitation-group": "/yb_shopv2/pages/invitation-group/invitation-group",
        "page-bargain-detail": "/yb_shopv2/pages/bargain/bargain",
        "page-bargain-record": "/yb_shopv2/pages/bargain-record/bargain-record"
    }
}