{
    "enablePullDownRefresh": true,
    "usingComponents": {
        "index": "/yb_shopv2/pages/index/index",
        "articlelist": "/yb_shopv2/pages/find/index",
        "articleinfo": "/yb_shopv2/pages/find_info/index",
        "classimage": "/yb_shopv2/pages/class_image/index",
        "images": "/yb_shopv2/pages/image/index",
        "productlist": "/yb_shopv2/pages/product/list/index",
        "productinfo": "/yb_shopv2/pages/product/info/index",
        "webpage": "/yb_shopv2/pages/web/index",
        "serviceslist": "/yb_shopv2/pages/services/list/index",
        "servicesinfo": "/yb_shopv2/pages/services/info/index",
        "servicesorderlist": "/yb_shopv2/pages/services/order/list/index",
        "servicesorderinfo": "/yb_shopv2/pages/services/order/info/index",
        "servicesordercreate": "/yb_shopv2/pages/services/order/create/index",
        "member": "/yb_shopv2/pages/member/index",
        "page-mine": "/yb_shopv2/pages/mine/mine",
        "about": "/yb_shopv2/pages/member/about",
        "auth": "/yb_shopv2/component/auth",
        "recruitdetails": "/yb_shopv2/pages/recruit/recruit_details",
        "recruitlist": "/yb_shopv2/pages/recruit/recruit_list",
        "floatbtn": "/yb_shopv2/component/floatbtn",
        "search": "/yb_shopv2/pages/search/index",
        "nonnativetabbar": "/yb_shopv2/component/non_native_tabbar",
        "votelist": "/yb_shopv2/pages/vote/vote_list",
        "page-shop-car": "/yb_shopv2/pages/shopping-car/shopping-car",
        "page-good-class": "/yb_shopv2/pages/good-class/good-class",
        "page-good-list": "/yb_shopv2/pages/good-list/good-list",
        "page-good-detail": "/yb_shopv2/pages/detail/detail"
    }
}