{
    "usingComponents": {
        "lunbo": "/yb_shopv2/pages/index/lb",
        "naviag": "/yb_shopv2/pages/index/navc",
        "lineplace": "/yb_shopv2/pages/index/line",
        "biaoti": "/yb_shopv2/pages/index/headline",
        "articles1": "/yb_shopv2/pages/index/articles1",
        "articles2": "/yb_shopv2/pages/index/articles2",
        "imagegroup1": "/yb_shopv2/pages/index/image_group1",
        "imagegroup2": "/yb_shopv2/pages/index/image_group2",
        "product1": "/yb_shopv2/pages/index/product1",
        "product2": "/yb_shopv2/pages/index/product2",
        "product3": "/yb_shopv2/pages/index/product3",
        "services1": "/yb_shopv2/pages/index/services1",
        "cblock": "/yb_shopv2/pages/index/block",
        "videopart": "/yb_shopv2/pages/index/video",
        "auth": "/yb_shopv2/component/auth",
        "diycomment": "/yb_shopv2/pages/index/diy_comment",
        "recruit": "/yb_shopv2/pages/index/recruit",
        "vote": "/yb_shopv2/pages/index/vote",
        "search": "/yb_shopv2/pages/index/search",
        "wxadvert": "/yb_shopv2/pages/index/wx_advert",
        "diyform": "/yb_shopv2/pages/index/form",
        "diymap": "/yb_shopv2/pages/index/map",
        "announcement": "/yb_shopv2/pages/index/announcement",
        "module-audio": "/yb_shopv2/module/ModuleAudio",
        "module-good-list": "/yb_shopv2/module/ModuleGoodList",
        "module-coupon": "/yb_shopv2/module/ModuleCoupon",
        "module-activity": "/yb_shopv2/module/ModuleActivity",
        "chat": "/yb_shopv2/pages/chat/sendmsg"
    },
    "component": true
}